country_region,season,avg_parks_change
France,Summer,150.07164728624429
France,Winter,8.0610389555585584
Germany,Summer,141.26942845978974
Germany,Winter,10.122378275800619