country_region,season,avg_retail_recreation,avg_grocery_pharmacy,avg_parks,avg_transit_stations,avg_workplaces,avg_residential
France,Autumn,-8.45480590751352,12.713625491547415,53.121025173898644,7.6898221591383464,-14.311201155420045,3.5493782591255512
France,Spring,-31.114115203270792,1.5581896551724146,26.454884734790934,-17.800927793465107,-25.689591567852432,9.7442261746748073
France,Summer,7.0321281129311508,25.930140656396521,150.84310983709713,27.38632149728879,-19.520524421254251,3.1850983758087947
France,Winter,-18.513737929747638,9.41152166768393,7.8324783135901495,-10.503172048101511,-20.728391608391615,6.6631023533806522
Germany,Autumn,-5.5058305260430167,12.824415584415581,75.297133841703911,-6.4888543286677036,-12.064265353718582,3.7201347499352173
Germany,Spring,-25.536658141517478,4.7984644913627639,61.298848122866893,-22.952898550724637,-18.855285592497868,7.35699062233589
Germany,Summer,-0.407289002557545,16.257167308515189,141.79991243432571,1.3215351812366742,-13.216325660699061,2.8090366581415172
Germany,Winter,-31.416892911010557,0.27812971342383125,10.897134238310706,-30.089894419306177,-22.048868778280546,9.2681749622926084