country,period,avg_retail_recreation,avg_grocery_pharmacy,avg_parks,avg_transit_stations,avg_workplaces,avg_residential
France,First Lockdown,-80.012855980471883,-43.397979139504557,-56.03264576904337,-75.759092425759093,-60.234090909090888,26.288602941176471
France,Second Lockdown,-42.610691458454376,-8.248784283213384,-17.354158607350097,-36.819614711033275,-25.928626692456476,12.034669765640134
France,Third Lockdown,-41.490748898678419,4.5267672286305825,17.891304347826086,-30.313384433962263,-30.330205278592373,10.904258443465492
Germany,First Lockdown,-53.314171122994651,-14.497986577181207,30.606951871657756,-49.771390374331553,-38.348930481283411,13.815508021390373
Germany,Second Lockdown,-31.471788715486188,-1.567827130852341,5.9339735894357739,-30.187274909963993,-17.553421368547422,8.3949579831932812
Germany,Strict Lockdown,-51.917761279269008,-9.5059965733866374,9.4163335237007413,-42.267275842375795,-29.162764134780129,11.829240434037693